Type,Name,Request Count,Failure Count,Median Response Time,Average Response Time,Min Response Time,Max Response Time,Average Content Size,Requests/s,Failures/s,50%,66%,75%,80%,90%,95%,98%,99%,99.9%,99.99%,100%
POST,long-rag,5,0,29000,25337.682801999927,7874.841912999727,30445.95292999975,382.6,0.10147754483812604,0.0,29000,29000,29000,30000,30000,30000,30000,30000,30000,30000,30000
POST,short,18,0,39000,36664.683582000056,28453.66732299999,45257.783284000194,341.27777777777777,0.36531916141725373,0.0,40000,40000,40000,41000,45000,45000,45000,45000,45000,45000,45000
,Aggregated,23,0,30000,34202.29210808698,7874.841912999727,45257.783284000194,350.2608695652174,0.4667967062553798,0.0,30000,40000,40000,40000,41000,45000,45000,45000,45000,45000,45000
