Type,Name,Request Count,Failure Count,Median Response Time,Average Response Time,Min Response Time,Max Response Time,Average Content Size,Requests/s,Failures/s,50%,66%,75%,80%,90%,95%,98%,99%,99.9%,99.99%,100%
POST,long-rag,5,0,22000,18960.533613999905,7041.534746999787,29677.12820199995,375.6,0.08468497604592347,0.0,22000,24000,24000,30000,30000,30000,30000,30000,30000,30000,30000
POST,short,22,0,14000,15548.00469786367,1109.4324780001443,29658.235437000258,340.40909090909093,0.3726138946020633,0.0,14000,22000,24000,24000,24000,30000,30000,30000,30000,30000,30000
,Aggregated,27,0,14000,16179.954497148154,1109.4324780001443,29677.12820199995,346.9259259259259,0.45729887064798674,0.0,14000,22000,24000,24000,30000,30000,30000,30000,30000,30000,30000
